,Barcode,DiseaseState,Organism,SampleType,Amplicon,Platform,PatientGeo,dataset,sequencer,region,year,total_reads
crc_chen-healthy37Xiang,AGCGCACGAG,H,Human,stool,v1-v3,454,China,crc_chen,454,V1-V3,2012,1296
crc_chen-healthy40Xiang,AGCTGTCGAC,H,Human,stool,v1-v3,454,China,crc_chen,454,V1-V3,2012,1491
crc_chen-cancer11Xiang,ACAGACAGCG,CRC,Human,stool,v1-v3,454,China,crc_chen,454,V1-V3,2012,1100
crc_chen-healthy25Xiang,ACTCTATATA,H,Human,stool,v1-v3,454,China,crc_chen,454,V1-V3,2012,3364
crc_chen-cancer8Xiang,GTGTACGACG,CRC,Human,stool,v1-v3,454,China,crc_chen,454,V1-V3,2012,1179
crc_chen-healthy36Xiang,AGCAGCGTAG,H,Human,stool,v1-v3,454,China,crc_chen,454,V1-V3,2012,1440
crc_chen-cancer3Xiang,ACACTACTCG,CRC,Human,stool,v1-v3,454,China,crc_chen,454,V1-V3,2012,1117
crc_chen-healthy32Xiang,AGAGTACAGA,H,Human,stool,v1-v3,454,China,crc_chen,454,V1-V3,2012,1212
crc_chen-cancer16Xiang,ACGAGCGCGC,CRC,Human,stool,v1-v3,454,China,crc_chen,454,V1-V3,2012,1174
crc_chen-cancer6Xiang,GTACAGTACG,CRC,Human,stool,v1-v3,454,China,crc_chen,454,V1-V3,2012,575
crc_chen-cancer18Xiang,ACGCGAGAGA,CRC,Human,stool,v1-v3,454,China,crc_chen,454,V1-V3,2012,889
crc_chen-cancer20Xiang,ACGTCGCTGA,CRC,Human,stool,v1-v3,454,China,crc_chen,454,V1-V3,2012,900
crc_chen-healthy33Xiang,AGAGTATCTC,H,Human,stool,v1-v3,454,China,crc_chen,454,V1-V3,2012,1271
crc_chen-cancer19Xiang,ACGCTCTCTC,CRC,Human,stool,v1-v3,454,China,crc_chen,454,V1-V3,2012,1018
crc_chen-healthy22Xiang,ACTAGTGATA,H,Human,stool,v1-v3,454,China,crc_chen,454,V1-V3,2012,1416
crc_chen-healthy24Xiang,ACTCACTAGC,H,Human,stool,v1-v3,454,China,crc_chen,454,V1-V3,2012,1622
crc_chen-cancer21Xiang,ACGTCTAGCA,CRC,Human,stool,v1-v3,454,China,crc_chen,454,V1-V3,2012,1357
crc_chen-healthy30Xiang,AGACATATAG,H,Human,stool,v1-v3,454,China,crc_chen,454,V1-V3,2012,853
crc_chen-cancer2Xiang,ACACGTAGTA,CRC,Human,stool,v1-v3,454,China,crc_chen,454,V1-V3,2012,1031
crc_chen-healthy42Xiang,AGTCGCGCTA,H,Human,stool,v1-v3,454,China,crc_chen,454,V1-V3,2012,1489
crc_chen-healthy23Xiang,ACTCACACTG,H,Human,stool,v1-v3,454,China,crc_chen,454,V1-V3,2012,1245
crc_chen-healthy34Xiang,AGATACGCTG,H,Human,stool,v1-v3,454,China,crc_chen,454,V1-V3,2012,1493
crc_chen-healthy41Xiang,AGTATGCACG,H,Human,stool,v1-v3,454,China,crc_chen,454,V1-V3,2012,1152
crc_chen-cancer7Xiang,GTCGTACGTA,CRC,Human,stool,v1-v3,454,China,crc_chen,454,V1-V3,2012,1175
crc_chen-healthy29Xiang,AGACACTCAC,H,Human,stool,v1-v3,454,China,crc_chen,454,V1-V3,2012,1172
crc_chen-cancer10Xiang,ACACTCATAC,CRC,Human,stool,v1-v3,454,China,crc_chen,454,V1-V3,2012,760
crc_chen-healthy38Xiang,AGCGTGTGCG,H,Human,stool,v1-v3,454,China,crc_chen,454,V1-V3,2012,2017
crc_chen-cancer15Xiang,ACAGTGTCGA,CRC,Human,stool,v1-v3,454,China,crc_chen,454,V1-V3,2012,852
crc_chen-healthy26Xiang,ACTGATCTCG,H,Human,stool,v1-v3,454,China,crc_chen,454,V1-V3,2012,1098
crc_chen-healthy27Xiang,ACTGCTGTAC,H,Human,stool,v1-v3,454,China,crc_chen,454,V1-V3,2012,1261
crc_chen-healthy39Xiang,AGCTAGATAC,H,Human,stool,v1-v3,454,China,crc_chen,454,V1-V3,2012,1048
crc_chen-cancer1Xiang,ACACGACGAC,CRC,Human,stool,v1-v3,454,China,crc_chen,454,V1-V3,2012,930
crc_chen-healthy28Xiang,ACTGTAGCGC,H,Human,stool,v1-v3,454,China,crc_chen,454,V1-V3,2012,1489
crc_chen-cancer5Xiang,CTACTCGTAG,CRC,Human,stool,v1-v3,454,China,crc_chen,454,V1-V3,2012,727
crc_chen-healthy31Xiang,AGACGTGATC,H,Human,stool,v1-v3,454,China,crc_chen,454,V1-V3,2012,1257
crc_chen-healthy35Xiang,AGATCTAGTC,H,Human,stool,v1-v3,454,China,crc_chen,454,V1-V3,2012,1106
crc_chen-cancer14Xiang,ACAGCTCGTG,CRC,Human,stool,v1-v3,454,China,crc_chen,454,V1-V3,2012,1068
crc_chen-cancer13Xiang,ACAGAGACTC,CRC,Human,stool,v1-v3,454,China,crc_chen,454,V1-V3,2012,773
crc_chen-cancer9Xiang,ACACAGTGAG,CRC,Human,stool,v1-v3,454,China,crc_chen,454,V1-V3,2012,1110
crc_chen-cancer17Xiang,ACGATGAGTG,CRC,Human,stool,v1-v3,454,China,crc_chen,454,V1-V3,2012,1314
crc_chen-cancer4Xiang,ACGACACGTA,CRC,Human,stool,v1-v3,454,China,crc_chen,454,V1-V3,2012,790
crc_chen-healthy43Xiang,AGTCTGTCTG,H,Human,stool,v1-v3,454,China,crc_chen,454,V1-V3,2012,1057
crc_chen-cancer12Xiang,ACAGACTATA,CRC,Human,stool,v1-v3,454,China,crc_chen,454,V1-V3,2012,946
